i0,if,y0,z0,yf,zf
0,8,0.5,-19.0,0.5,-10.578947368421053
0,24,0.5,-19.0,1.5,-14.789473684210527
0,28,0.5,-19.0,1.5,-10.578947368421053
0,41,0.5,-19.0,2.5,-17.94736842105263
0,58,0.5,-19.0,2.5,-0.05263157894736992
0,61,0.5,-19.0,3.5,-17.94736842105263
0,83,0.5,-19.0,4.5,-15.842105263157894
0,85,0.5,-19.0,4.5,-13.736842105263158
0,89,0.5,-19.0,4.5,-9.526315789473685
1,0,0.5,-17.94736842105263,0.5,-19.0
1,23,0.5,-17.94736842105263,1.5,-15.842105263157894
1,27,0.5,-17.94736842105263,1.5,-11.631578947368421
1,41,0.5,-17.94736842105263,2.5,-17.94736842105263
1,42,0.5,-17.94736842105263,2.5,-16.894736842105264
1,63,0.5,-17.94736842105263,3.5,-15.842105263157894
1,64,0.5,-17.94736842105263,3.5,-14.789473684210527
1,80,0.5,-17.94736842105263,4.5,-19.0
1,88,0.5,-17.94736842105263,4.5,-10.578947368421053
1,92,0.5,-17.94736842105263,4.5,-6.368421052631579
1,95,0.5,-17.94736842105263,4.5,-3.2105263157894743
2,7,0.5,-16.894736842105264,0.5,-11.631578947368421
2,9,0.5,-16.894736842105264,0.5,-9.526315789473685
2,23,0.5,-16.894736842105264,1.5,-15.842105263157894
2,31,0.5,-16.894736842105264,1.5,-7.421052631578949
2,33,0.5,-16.894736842105264,1.5,-5.315789473684211
2,37,0.5,-16.894736842105264,1.5,-1.1052631578947363
2,41,0.5,-16.894736842105264,2.5,-17.94736842105263
2,53,0.5,-16.894736842105264,2.5,-5.315789473684211
2,58,0.5,-16.894736842105264,2.5,-0.05263157894736992
2,62,0.5,-16.894736842105264,3.5,-16.894736842105264
2,68,0.5,-16.894736842105264,3.5,-10.578947368421053
2,74,0.5,-16.894736842105264,3.5,-4.2631578947368425
2,77,0.5,-16.894736842105264,3.5,-1.1052631578947363
2,85,0.5,-16.894736842105264,4.5,-13.736842105263158
2,88,0.5,-16.894736842105264,4.5,-10.578947368421053
2,95,0.5,-16.894736842105264,4.5,-3.2105263157894743
3,32,0.5,-15.842105263157894,1.5,-6.368421052631579
3,38,0.5,-15.842105263157894,1.5,-0.05263157894736992
3,51,0.5,-15.842105263157894,2.5,-7.421052631578949
3,82,0.5,-15.842105263157894,4.5,-16.894736842105264
3,85,0.5,-15.842105263157894,4.5,-13.736842105263158
4,28,0.5,-14.789473684210527,1.5,-10.578947368421053
4,29,0.5,-14.789473684210527,1.5,-9.526315789473685
4,31,0.5,-14.789473684210527,1.5,-7.421052631578949
4,35,0.5,-14.789473684210527,1.5,-3.2105263157894743
4,36,0.5,-14.789473684210527,1.5,-2.157894736842106
4,37,0.5,-14.789473684210527,1.5,-1.1052631578947363
4,41,0.5,-14.789473684210527,2.5,-17.94736842105263
4,44,0.5,-14.789473684210527,2.5,-14.789473684210527
4,53,0.5,-14.789473684210527,2.5,-5.315789473684211
4,56,0.5,-14.789473684210527,2.5,-2.157894736842106
4,57,0.5,-14.789473684210527,2.5,-1.1052631578947363
4,68,0.5,-14.789473684210527,3.5,-10.578947368421053
4,82,0.5,-14.789473684210527,4.5,-16.894736842105264
4,86,0.5,-14.789473684210527,4.5,-12.68421052631579
5,23,0.5,-13.736842105263158,1.5,-15.842105263157894
5,24,0.5,-13.736842105263158,1.5,-14.789473684210527
5,27,0.5,-13.736842105263158,1.5,-11.631578947368421
5,30,0.5,-13.736842105263158,1.5,-8.473684210526317
5,33,0.5,-13.736842105263158,1.5,-5.315789473684211
5,36,0.5,-13.736842105263158,1.5,-2.157894736842106
5,41,0.5,-13.736842105263158,2.5,-17.94736842105263
5,45,0.5,-13.736842105263158,2.5,-13.736842105263158
5,47,0.5,-13.736842105263158,2.5,-11.631578947368421
5,51,0.5,-13.736842105263158,2.5,-7.421052631578949
5,65,0.5,-13.736842105263158,3.5,-13.736842105263158
5,67,0.5,-13.736842105263158,3.5,-11.631578947368421
5,77,0.5,-13.736842105263158,3.5,-1.1052631578947363
5,81,0.5,-13.736842105263158,4.5,-17.94736842105263
5,85,0.5,-13.736842105263158,4.5,-13.736842105263158
5,87,0.5,-13.736842105263158,4.5,-11.631578947368421
5,94,0.5,-13.736842105263158,4.5,-4.2631578947368425
5,95,0.5,-13.736842105263158,4.5,-3.2105263157894743
6,20,0.5,-12.68421052631579,1.5,-19.0
6,22,0.5,-12.68421052631579,1.5,-16.894736842105264
6,25,0.5,-12.68421052631579,1.5,-13.736842105263158
6,32,0.5,-12.68421052631579,1.5,-6.368421052631579
6,46,0.5,-12.68421052631579,2.5,-12.68421052631579
6,49,0.5,-12.68421052631579,2.5,-9.526315789473685
6,59,0.5,-12.68421052631579,2.5,1.0
6,68,0.5,-12.68421052631579,3.5,-10.578947368421053
6,70,0.5,-12.68421052631579,3.5,-8.473684210526317
6,84,0.5,-12.68421052631579,4.5,-14.789473684210527
6,85,0.5,-12.68421052631579,4.5,-13.736842105263158
6,87,0.5,-12.68421052631579,4.5,-11.631578947368421
6,94,0.5,-12.68421052631579,4.5,-4.2631578947368425
7,20,0.5,-11.631578947368421,1.5,-19.0
7,23,0.5,-11.631578947368421,1.5,-15.842105263157894
7,28,0.5,-11.631578947368421,1.5,-10.578947368421053
7,29,0.5,-11.631578947368421,1.5,-9.526315789473685
7,31,0.5,-11.631578947368421,1.5,-7.421052631578949
7,35,0.5,-11.631578947368421,1.5,-3.2105263157894743
7,42,0.5,-11.631578947368421,2.5,-16.894736842105264
7,45,0.5,-11.631578947368421,2.5,-13.736842105263158
7,47,0.5,-11.631578947368421,2.5,-11.631578947368421
7,51,0.5,-11.631578947368421,2.5,-7.421052631578949
7,55,0.5,-11.631578947368421,2.5,-3.2105263157894743
7,67,0.5,-11.631578947368421,3.5,-11.631578947368421
7,89,0.5,-11.631578947368421,4.5,-9.526315789473685
7,93,0.5,-11.631578947368421,4.5,-5.315789473684211
8,12,0.5,-10.578947368421053,0.5,-6.368421052631579
8,21,0.5,-10.578947368421053,1.5,-17.94736842105263
8,24,0.5,-10.578947368421053,1.5,-14.789473684210527
8,27,0.5,-10.578947368421053,1.5,-11.631578947368421
8,32,0.5,-10.578947368421053,1.5,-6.368421052631579
8,37,0.5,-10.578947368421053,1.5,-1.1052631578947363
8,44,0.5,-10.578947368421053,2.5,-14.789473684210527
8,61,0.5,-10.578947368421053,3.5,-17.94736842105263
8,64,0.5,-10.578947368421053,3.5,-14.789473684210527
8,66,0.5,-10.578947368421053,3.5,-12.68421052631579
8,72,0.5,-10.578947368421053,3.5,-6.368421052631579
8,81,0.5,-10.578947368421053,4.5,-17.94736842105263
8,84,0.5,-10.578947368421053,4.5,-14.789473684210527
8,86,0.5,-10.578947368421053,4.5,-12.68421052631579
8,95,0.5,-10.578947368421053,4.5,-3.2105263157894743
8,96,0.5,-10.578947368421053,4.5,-2.157894736842106
9,1,0.5,-9.526315789473685,0.5,-17.94736842105263
9,7,0.5,-9.526315789473685,0.5,-11.631578947368421
9,13,0.5,-9.526315789473685,0.5,-5.315789473684211
9,15,0.5,-9.526315789473685,0.5,-3.2105263157894743
9,24,0.5,-9.526315789473685,1.5,-14.789473684210527
9,27,0.5,-9.526315789473685,1.5,-11.631578947368421
9,28,0.5,-9.526315789473685,1.5,-10.578947368421053
9,31,0.5,-9.526315789473685,1.5,-7.421052631578949
9,33,0.5,-9.526315789473685,1.5,-5.315789473684211
9,37,0.5,-9.526315789473685,1.5,-1.1052631578947363
9,39,0.5,-9.526315789473685,1.5,1.0
9,55,0.5,-9.526315789473685,2.5,-3.2105263157894743
9,69,0.5,-9.526315789473685,3.5,-9.526315789473685
9,71,0.5,-9.526315789473685,3.5,-7.421052631578949
9,85,0.5,-9.526315789473685,4.5,-13.736842105263158
9,86,0.5,-9.526315789473685,4.5,-12.68421052631579
10,15,0.5,-8.473684210526317,0.5,-3.2105263157894743
10,23,0.5,-8.473684210526317,1.5,-15.842105263157894
10,55,0.5,-8.473684210526317,2.5,-3.2105263157894743
10,56,0.5,-8.473684210526317,2.5,-2.157894736842106
10,61,0.5,-8.473684210526317,3.5,-17.94736842105263
10,63,0.5,-8.473684210526317,3.5,-15.842105263157894
10,64,0.5,-8.473684210526317,3.5,-14.789473684210527
10,70,0.5,-8.473684210526317,3.5,-8.473684210526317
10,72,0.5,-8.473684210526317,3.5,-6.368421052631579
10,74,0.5,-8.473684210526317,3.5,-4.2631578947368425
10,80,0.5,-8.473684210526317,4.5,-19.0
10,83,0.5,-8.473684210526317,4.5,-15.842105263157894
10,85,0.5,-8.473684210526317,4.5,-13.736842105263158
11,29,0.5,-7.421052631578949,1.5,-9.526315789473685
11,62,0.5,-7.421052631578949,3.5,-16.894736842105264
11,63,0.5,-7.421052631578949,3.5,-15.842105263157894
11,71,0.5,-7.421052631578949,3.5,-7.421052631578949
11,92,0.5,-7.421052631578949,4.5,-6.368421052631579
11,94,0.5,-7.421052631578949,4.5,-4.2631578947368425
12,28,0.5,-6.368421052631579,1.5,-10.578947368421053
12,49,0.5,-6.368421052631579,2.5,-9.526315789473685
12,68,0.5,-6.368421052631579,3.5,-10.578947368421053
12,84,0.5,-6.368421052631579,4.5,-14.789473684210527
12,90,0.5,-6.368421052631579,4.5,-8.473684210526317
12,92,0.5,-6.368421052631579,4.5,-6.368421052631579
13,12,0.5,-5.315789473684211,0.5,-6.368421052631579
13,49,0.5,-5.315789473684211,2.5,-9.526315789473685
13,50,0.5,-5.315789473684211,2.5,-8.473684210526317
13,63,0.5,-5.315789473684211,3.5,-15.842105263157894
13,65,0.5,-5.315789473684211,3.5,-13.736842105263158
14,85,0.5,-4.2631578947368425,4.5,-13.736842105263158
14,88,0.5,-4.2631578947368425,4.5,-10.578947368421053
14,90,0.5,-4.2631578947368425,4.5,-8.473684210526317
15,93,0.5,-3.2105263157894743,4.5,-5.315789473684211
20,3,1.5,-19.0,0.5,-15.842105263157894
20,9,1.5,-19.0,0.5,-9.526315789473685
20,24,1.5,-19.0,1.5,-14.789473684210527
20,39,1.5,-19.0,1.5,1.0
20,42,1.5,-19.0,2.5,-16.894736842105264
20,48,1.5,-19.0,2.5,-10.578947368421053
20,75,1.5,-19.0,3.5,-3.2105263157894743
20,77,1.5,-19.0,3.5,-1.1052631578947363
20,84,1.5,-19.0,4.5,-14.789473684210527
20,86,1.5,-19.0,4.5,-12.68421052631579
20,88,1.5,-19.0,4.5,-10.578947368421053
21,1,1.5,-17.94736842105263,0.5,-17.94736842105263
21,4,1.5,-17.94736842105263,0.5,-14.789473684210527
21,20,1.5,-17.94736842105263,1.5,-19.0
21,27,1.5,-17.94736842105263,1.5,-11.631578947368421
21,34,1.5,-17.94736842105263,1.5,-4.2631578947368425
21,42,1.5,-17.94736842105263,2.5,-16.894736842105264
21,46,1.5,-17.94736842105263,2.5,-12.68421052631579
21,48,1.5,-17.94736842105263,2.5,-10.578947368421053
21,50,1.5,-17.94736842105263,2.5,-8.473684210526317
21,55,1.5,-17.94736842105263,2.5,-3.2105263157894743
21,64,1.5,-17.94736842105263,3.5,-14.789473684210527
21,81,1.5,-17.94736842105263,4.5,-17.94736842105263
21,83,1.5,-17.94736842105263,4.5,-15.842105263157894
21,85,1.5,-17.94736842105263,4.5,-13.736842105263158
21,90,1.5,-17.94736842105263,4.5,-8.473684210526317
21,96,1.5,-17.94736842105263,4.5,-2.157894736842106
22,0,1.5,-16.894736842105264,0.5,-19.0
22,6,1.5,-16.894736842105264,0.5,-12.68421052631579
22,9,1.5,-16.894736842105264,0.5,-9.526315789473685
22,27,1.5,-16.894736842105264,1.5,-11.631578947368421
22,28,1.5,-16.894736842105264,1.5,-10.578947368421053
22,34,1.5,-16.894736842105264,1.5,-4.2631578947368425
22,38,1.5,-16.894736842105264,1.5,-0.05263157894736992
22,42,1.5,-16.894736842105264,2.5,-16.894736842105264
22,43,1.5,-16.894736842105264,2.5,-15.842105263157894
22,53,1.5,-16.894736842105264,2.5,-5.315789473684211
22,59,1.5,-16.894736842105264,2.5,1.0
22,61,1.5,-16.894736842105264,3.5,-17.94736842105263
22,62,1.5,-16.894736842105264,3.5,-16.894736842105264
22,63,1.5,-16.894736842105264,3.5,-15.842105263157894
22,68,1.5,-16.894736842105264,3.5,-10.578947368421053
22,69,1.5,-16.894736842105264,3.5,-9.526315789473685
22,83,1.5,-16.894736842105264,4.5,-15.842105263157894
22,90,1.5,-16.894736842105264,4.5,-8.473684210526317
22,92,1.5,-16.894736842105264,4.5,-6.368421052631579
22,95,1.5,-16.894736842105264,4.5,-3.2105263157894743
22,97,1.5,-16.894736842105264,4.5,-1.1052631578947363
22,99,1.5,-16.894736842105264,4.5,1.0
23,1,1.5,-15.842105263157894,0.5,-17.94736842105263
23,2,1.5,-15.842105263157894,0.5,-16.894736842105264
23,4,1.5,-15.842105263157894,0.5,-14.789473684210527
23,12,1.5,-15.842105263157894,0.5,-6.368421052631579
23,19,1.5,-15.842105263157894,0.5,1.0
23,20,1.5,-15.842105263157894,1.5,-19.0
23,22,1.5,-15.842105263157894,1.5,-16.894736842105264
23,25,1.5,-15.842105263157894,1.5,-13.736842105263158
23,32,1.5,-15.842105263157894,1.5,-6.368421052631579
23,37,1.5,-15.842105263157894,1.5,-1.1052631578947363
23,49,1.5,-15.842105263157894,2.5,-9.526315789473685
23,53,1.5,-15.842105263157894,2.5,-5.315789473684211
23,57,1.5,-15.842105263157894,2.5,-1.1052631578947363
23,63,1.5,-15.842105263157894,3.5,-15.842105263157894
23,65,1.5,-15.842105263157894,3.5,-13.736842105263158
23,69,1.5,-15.842105263157894,3.5,-9.526315789473685
23,80,1.5,-15.842105263157894,4.5,-19.0
23,83,1.5,-15.842105263157894,4.5,-15.842105263157894
23,89,1.5,-15.842105263157894,4.5,-9.526315789473685
24,47,1.5,-14.789473684210527,2.5,-11.631578947368421
24,55,1.5,-14.789473684210527,2.5,-3.2105263157894743
24,76,1.5,-14.789473684210527,3.5,-2.157894736842106
24,82,1.5,-14.789473684210527,4.5,-16.894736842105264
24,83,1.5,-14.789473684210527,4.5,-15.842105263157894
24,84,1.5,-14.789473684210527,4.5,-14.789473684210527
24,87,1.5,-14.789473684210527,4.5,-11.631578947368421
24,93,1.5,-14.789473684210527,4.5,-5.315789473684211
24,95,1.5,-14.789473684210527,4.5,-3.2105263157894743
25,28,1.5,-13.736842105263158,1.5,-10.578947368421053
25,29,1.5,-13.736842105263158,1.5,-9.526315789473685
25,45,1.5,-13.736842105263158,2.5,-13.736842105263158
25,53,1.5,-13.736842105263158,2.5,-5.315789473684211
25,61,1.5,-13.736842105263158,3.5,-17.94736842105263
25,62,1.5,-13.736842105263158,3.5,-16.894736842105264
25,65,1.5,-13.736842105263158,3.5,-13.736842105263158
25,70,1.5,-13.736842105263158,3.5,-8.473684210526317
25,73,1.5,-13.736842105263158,3.5,-5.315789473684211
25,81,1.5,-13.736842105263158,4.5,-17.94736842105263
25,82,1.5,-13.736842105263158,4.5,-16.894736842105264
25,84,1.5,-13.736842105263158,4.5,-14.789473684210527
26,14,1.5,-12.68421052631579,0.5,-4.2631578947368425
26,22,1.5,-12.68421052631579,1.5,-16.894736842105264
26,40,1.5,-12.68421052631579,2.5,-19.0
26,43,1.5,-12.68421052631579,2.5,-15.842105263157894
26,62,1.5,-12.68421052631579,3.5,-16.894736842105264
26,64,1.5,-12.68421052631579,3.5,-14.789473684210527
26,69,1.5,-12.68421052631579,3.5,-9.526315789473685
26,70,1.5,-12.68421052631579,3.5,-8.473684210526317
26,82,1.5,-12.68421052631579,4.5,-16.894736842105264
26,84,1.5,-12.68421052631579,4.5,-14.789473684210527
26,85,1.5,-12.68421052631579,4.5,-13.736842105263158
26,86,1.5,-12.68421052631579,4.5,-12.68421052631579
26,91,1.5,-12.68421052631579,4.5,-7.421052631578949
26,92,1.5,-12.68421052631579,4.5,-6.368421052631579
27,21,1.5,-11.631578947368421,1.5,-17.94736842105263
27,22,1.5,-11.631578947368421,1.5,-16.894736842105264
27,25,1.5,-11.631578947368421,1.5,-13.736842105263158
27,30,1.5,-11.631578947368421,1.5,-8.473684210526317
27,44,1.5,-11.631578947368421,2.5,-14.789473684210527
27,49,1.5,-11.631578947368421,2.5,-9.526315789473685
27,68,1.5,-11.631578947368421,3.5,-10.578947368421053
27,76,1.5,-11.631578947368421,3.5,-2.157894736842106
27,80,1.5,-11.631578947368421,4.5,-19.0
27,84,1.5,-11.631578947368421,4.5,-14.789473684210527
27,87,1.5,-11.631578947368421,4.5,-11.631578947368421
28,23,1.5,-10.578947368421053,1.5,-15.842105263157894
28,26,1.5,-10.578947368421053,1.5,-12.68421052631579
28,41,1.5,-10.578947368421053,2.5,-17.94736842105263
28,43,1.5,-10.578947368421053,2.5,-15.842105263157894
28,44,1.5,-10.578947368421053,2.5,-14.789473684210527
28,46,1.5,-10.578947368421053,2.5,-12.68421052631579
28,47,1.5,-10.578947368421053,2.5,-11.631578947368421
28,48,1.5,-10.578947368421053,2.5,-10.578947368421053
28,70,1.5,-10.578947368421053,3.5,-8.473684210526317
28,83,1.5,-10.578947368421053,4.5,-15.842105263157894
28,88,1.5,-10.578947368421053,4.5,-10.578947368421053
29,13,1.5,-9.526315789473685,0.5,-5.315789473684211
29,16,1.5,-9.526315789473685,0.5,-2.157894736842106
29,23,1.5,-9.526315789473685,1.5,-15.842105263157894
29,24,1.5,-9.526315789473685,1.5,-14.789473684210527
29,26,1.5,-9.526315789473685,1.5,-12.68421052631579
29,32,1.5,-9.526315789473685,1.5,-6.368421052631579
29,42,1.5,-9.526315789473685,2.5,-16.894736842105264
29,48,1.5,-9.526315789473685,2.5,-10.578947368421053
29,49,1.5,-9.526315789473685,2.5,-9.526315789473685
29,50,1.5,-9.526315789473685,2.5,-8.473684210526317
29,52,1.5,-9.526315789473685,2.5,-6.368421052631579
29,64,1.5,-9.526315789473685,3.5,-14.789473684210527
29,67,1.5,-9.526315789473685,3.5,-11.631578947368421
29,69,1.5,-9.526315789473685,3.5,-9.526315789473685
29,77,1.5,-9.526315789473685,3.5,-1.1052631578947363
29,84,1.5,-9.526315789473685,4.5,-14.789473684210527
30,15,1.5,-8.473684210526317,0.5,-3.2105263157894743
30,26,1.5,-8.473684210526317,1.5,-12.68421052631579
30,29,1.5,-8.473684210526317,1.5,-9.526315789473685
30,31,1.5,-8.473684210526317,1.5,-7.421052631578949
30,32,1.5,-8.473684210526317,1.5,-6.368421052631579
30,50,1.5,-8.473684210526317,2.5,-8.473684210526317
30,60,1.5,-8.473684210526317,3.5,-19.0
30,62,1.5,-8.473684210526317,3.5,-16.894736842105264
30,71,1.5,-8.473684210526317,3.5,-7.421052631578949
30,80,1.5,-8.473684210526317,4.5,-19.0
30,90,1.5,-8.473684210526317,4.5,-8.473684210526317
30,96,1.5,-8.473684210526317,4.5,-2.157894736842106
31,27,1.5,-7.421052631578949,1.5,-11.631578947368421
31,44,1.5,-7.421052631578949,2.5,-14.789473684210527
31,50,1.5,-7.421052631578949,2.5,-8.473684210526317
31,51,1.5,-7.421052631578949,2.5,-7.421052631578949
31,61,1.5,-7.421052631578949,3.5,-17.94736842105263
31,68,1.5,-7.421052631578949,3.5,-10.578947368421053
31,70,1.5,-7.421052631578949,3.5,-8.473684210526317
31,82,1.5,-7.421052631578949,4.5,-16.894736842105264
31,88,1.5,-7.421052631578949,4.5,-10.578947368421053
32,24,1.5,-6.368421052631579,1.5,-14.789473684210527
32,47,1.5,-6.368421052631579,2.5,-11.631578947368421
32,51,1.5,-6.368421052631579,2.5,-7.421052631578949
32,66,1.5,-6.368421052631579,3.5,-12.68421052631579
32,93,1.5,-6.368421052631579,4.5,-5.315789473684211
33,23,1.5,-5.315789473684211,1.5,-15.842105263157894
33,30,1.5,-5.315789473684211,1.5,-8.473684210526317
33,47,1.5,-5.315789473684211,2.5,-11.631578947368421
33,61,1.5,-5.315789473684211,3.5,-17.94736842105263
33,63,1.5,-5.315789473684211,3.5,-15.842105263157894
33,64,1.5,-5.315789473684211,3.5,-14.789473684210527
33,82,1.5,-5.315789473684211,4.5,-16.894736842105264
33,83,1.5,-5.315789473684211,4.5,-15.842105263157894
33,86,1.5,-5.315789473684211,4.5,-12.68421052631579
33,92,1.5,-5.315789473684211,4.5,-6.368421052631579
33,93,1.5,-5.315789473684211,4.5,-5.315789473684211
34,27,1.5,-4.2631578947368425,1.5,-11.631578947368421
34,47,1.5,-4.2631578947368425,2.5,-11.631578947368421
34,90,1.5,-4.2631578947368425,4.5,-8.473684210526317
40,5,2.5,-19.0,0.5,-13.736842105263158
40,18,2.5,-19.0,0.5,-0.05263157894736992
40,22,2.5,-19.0,1.5,-16.894736842105264
40,24,2.5,-19.0,1.5,-14.789473684210527
40,37,2.5,-19.0,1.5,-1.1052631578947363
40,71,2.5,-19.0,3.5,-7.421052631578949
40,76,2.5,-19.0,3.5,-2.157894736842106
40,77,2.5,-19.0,3.5,-1.1052631578947363
40,78,2.5,-19.0,3.5,-0.05263157894736992
40,80,2.5,-19.0,4.5,-19.0
41,21,2.5,-17.94736842105263,1.5,-17.94736842105263
41,37,2.5,-17.94736842105263,1.5,-1.1052631578947363
41,68,2.5,-17.94736842105263,3.5,-10.578947368421053
41,77,2.5,-17.94736842105263,3.5,-1.1052631578947363
41,78,2.5,-17.94736842105263,3.5,-0.05263157894736992
41,98,2.5,-17.94736842105263,4.5,-0.05263157894736992
42,3,2.5,-16.894736842105264,0.5,-15.842105263157894
42,7,2.5,-16.894736842105264,0.5,-11.631578947368421
42,16,2.5,-16.894736842105264,0.5,-2.157894736842106
42,19,2.5,-16.894736842105264,0.5,1.0
42,27,2.5,-16.894736842105264,1.5,-11.631578947368421
42,28,2.5,-16.894736842105264,1.5,-10.578947368421053
42,37,2.5,-16.894736842105264,1.5,-1.1052631578947363
42,40,2.5,-16.894736842105264,2.5,-19.0
42,44,2.5,-16.894736842105264,2.5,-14.789473684210527
42,50,2.5,-16.894736842105264,2.5,-8.473684210526317
42,52,2.5,-16.894736842105264,2.5,-6.368421052631579
42,67,2.5,-16.894736842105264,3.5,-11.631578947368421
42,69,2.5,-16.894736842105264,3.5,-9.526315789473685
42,76,2.5,-16.894736842105264,3.5,-2.157894736842106
43,7,2.5,-15.842105263157894,0.5,-11.631578947368421
43,8,2.5,-15.842105263157894,0.5,-10.578947368421053
43,23,2.5,-15.842105263157894,1.5,-15.842105263157894
43,32,2.5,-15.842105263157894,1.5,-6.368421052631579
43,35,2.5,-15.842105263157894,1.5,-3.2105263157894743
43,48,2.5,-15.842105263157894,2.5,-10.578947368421053
43,50,2.5,-15.842105263157894,2.5,-8.473684210526317
43,59,2.5,-15.842105263157894,2.5,1.0
43,65,2.5,-15.842105263157894,3.5,-13.736842105263158
43,73,2.5,-15.842105263157894,3.5,-5.315789473684211
43,75,2.5,-15.842105263157894,3.5,-3.2105263157894743
43,77,2.5,-15.842105263157894,3.5,-1.1052631578947363
44,2,2.5,-14.789473684210527,0.5,-16.894736842105264
44,5,2.5,-14.789473684210527,0.5,-13.736842105263158
44,22,2.5,-14.789473684210527,1.5,-16.894736842105264
44,24,2.5,-14.789473684210527,1.5,-14.789473684210527
44,26,2.5,-14.789473684210527,1.5,-12.68421052631579
44,27,2.5,-14.789473684210527,1.5,-11.631578947368421
44,29,2.5,-14.789473684210527,1.5,-9.526315789473685
44,41,2.5,-14.789473684210527,2.5,-17.94736842105263
44,42,2.5,-14.789473684210527,2.5,-16.894736842105264
44,43,2.5,-14.789473684210527,2.5,-15.842105263157894
44,45,2.5,-14.789473684210527,2.5,-13.736842105263158
44,60,2.5,-14.789473684210527,3.5,-19.0
44,61,2.5,-14.789473684210527,3.5,-17.94736842105263
44,78,2.5,-14.789473684210527,3.5,-0.05263157894736992
45,27,2.5,-13.736842105263158,1.5,-11.631578947368421
45,63,2.5,-13.736842105263158,3.5,-15.842105263157894
45,66,2.5,-13.736842105263158,3.5,-12.68421052631579
45,67,2.5,-13.736842105263158,3.5,-11.631578947368421
45,68,2.5,-13.736842105263158,3.5,-10.578947368421053
45,71,2.5,-13.736842105263158,3.5,-7.421052631578949
45,76,2.5,-13.736842105263158,3.5,-2.157894736842106
45,82,2.5,-13.736842105263158,4.5,-16.894736842105264
45,99,2.5,-13.736842105263158,4.5,1.0
46,13,2.5,-12.68421052631579,0.5,-5.315789473684211
46,24,2.5,-12.68421052631579,1.5,-14.789473684210527
46,25,2.5,-12.68421052631579,1.5,-13.736842105263158
46,40,2.5,-12.68421052631579,2.5,-19.0
46,45,2.5,-12.68421052631579,2.5,-13.736842105263158
46,54,2.5,-12.68421052631579,2.5,-4.2631578947368425
46,56,2.5,-12.68421052631579,2.5,-2.157894736842106
46,66,2.5,-12.68421052631579,3.5,-12.68421052631579
46,67,2.5,-12.68421052631579,3.5,-11.631578947368421
46,73,2.5,-12.68421052631579,3.5,-5.315789473684211
46,75,2.5,-12.68421052631579,3.5,-3.2105263157894743
46,78,2.5,-12.68421052631579,3.5,-0.05263157894736992
46,85,2.5,-12.68421052631579,4.5,-13.736842105263158
46,86,2.5,-12.68421052631579,4.5,-12.68421052631579
47,2,2.5,-11.631578947368421,0.5,-16.894736842105264
47,6,2.5,-11.631578947368421,0.5,-12.68421052631579
47,26,2.5,-11.631578947368421,1.5,-12.68421052631579
47,27,2.5,-11.631578947368421,1.5,-11.631578947368421
47,29,2.5,-11.631578947368421,1.5,-9.526315789473685
47,30,2.5,-11.631578947368421,1.5,-8.473684210526317
47,37,2.5,-11.631578947368421,1.5,-1.1052631578947363
47,44,2.5,-11.631578947368421,2.5,-14.789473684210527
47,69,2.5,-11.631578947368421,3.5,-9.526315789473685
47,71,2.5,-11.631578947368421,3.5,-7.421052631578949
47,81,2.5,-11.631578947368421,4.5,-17.94736842105263
47,84,2.5,-11.631578947368421,4.5,-14.789473684210527
47,91,2.5,-11.631578947368421,4.5,-7.421052631578949
47,92,2.5,-11.631578947368421,4.5,-6.368421052631579
47,94,2.5,-11.631578947368421,4.5,-4.2631578947368425
47,95,2.5,-11.631578947368421,4.5,-3.2105263157894743
48,0,2.5,-10.578947368421053,0.5,-19.0
48,2,2.5,-10.578947368421053,0.5,-16.894736842105264
48,5,2.5,-10.578947368421053,0.5,-13.736842105263158
48,12,2.5,-10.578947368421053,0.5,-6.368421052631579
48,20,2.5,-10.578947368421053,1.5,-19.0
48,21,2.5,-10.578947368421053,1.5,-17.94736842105263
48,23,2.5,-10.578947368421053,1.5,-15.842105263157894
48,24,2.5,-10.578947368421053,1.5,-14.789473684210527
48,25,2.5,-10.578947368421053,1.5,-13.736842105263158
48,29,2.5,-10.578947368421053,1.5,-9.526315789473685
48,33,2.5,-10.578947368421053,1.5,-5.315789473684211
48,61,2.5,-10.578947368421053,3.5,-17.94736842105263
48,69,2.5,-10.578947368421053,3.5,-9.526315789473685
48,83,2.5,-10.578947368421053,4.5,-15.842105263157894
48,90,2.5,-10.578947368421053,4.5,-8.473684210526317
49,3,2.5,-9.526315789473685,0.5,-15.842105263157894
49,14,2.5,-9.526315789473685,0.5,-4.2631578947368425
49,24,2.5,-9.526315789473685,1.5,-14.789473684210527
49,25,2.5,-9.526315789473685,1.5,-13.736842105263158
49,28,2.5,-9.526315789473685,1.5,-10.578947368421053
49,41,2.5,-9.526315789473685,2.5,-17.94736842105263
49,47,2.5,-9.526315789473685,2.5,-11.631578947368421
49,48,2.5,-9.526315789473685,2.5,-10.578947368421053
49,51,2.5,-9.526315789473685,2.5,-7.421052631578949
49,91,2.5,-9.526315789473685,4.5,-7.421052631578949
49,95,2.5,-9.526315789473685,4.5,-3.2105263157894743
50,13,2.5,-8.473684210526317,0.5,-5.315789473684211
50,20,2.5,-8.473684210526317,1.5,-19.0
50,22,2.5,-8.473684210526317,1.5,-16.894736842105264
50,23,2.5,-8.473684210526317,1.5,-15.842105263157894
50,28,2.5,-8.473684210526317,1.5,-10.578947368421053
50,60,2.5,-8.473684210526317,3.5,-19.0
50,62,2.5,-8.473684210526317,3.5,-16.894736842105264
50,80,2.5,-8.473684210526317,4.5,-19.0
50,86,2.5,-8.473684210526317,4.5,-12.68421052631579
50,89,2.5,-8.473684210526317,4.5,-9.526315789473685
50,90,2.5,-8.473684210526317,4.5,-8.473684210526317
51,42,2.5,-7.421052631578949,2.5,-16.894736842105264
51,50,2.5,-7.421052631578949,2.5,-8.473684210526317
51,54,2.5,-7.421052631578949,2.5,-4.2631578947368425
51,69,2.5,-7.421052631578949,3.5,-9.526315789473685
51,70,2.5,-7.421052631578949,3.5,-8.473684210526317
51,87,2.5,-7.421052631578949,4.5,-11.631578947368421
51,92,2.5,-7.421052631578949,4.5,-6.368421052631579
51,93,2.5,-7.421052631578949,4.5,-5.315789473684211
52,12,2.5,-6.368421052631579,0.5,-6.368421052631579
52,43,2.5,-6.368421052631579,2.5,-15.842105263157894
52,44,2.5,-6.368421052631579,2.5,-14.789473684210527
52,54,2.5,-6.368421052631579,2.5,-4.2631578947368425
52,69,2.5,-6.368421052631579,3.5,-9.526315789473685
52,70,2.5,-6.368421052631579,3.5,-8.473684210526317
53,36,2.5,-5.315789473684211,1.5,-2.157894736842106
53,51,2.5,-5.315789473684211,2.5,-7.421052631578949
53,55,2.5,-5.315789473684211,2.5,-3.2105263157894743
53,68,2.5,-5.315789473684211,3.5,-10.578947368421053
53,72,2.5,-5.315789473684211,3.5,-6.368421052631579
53,91,2.5,-5.315789473684211,4.5,-7.421052631578949
53,92,2.5,-5.315789473684211,4.5,-6.368421052631579
53,95,2.5,-5.315789473684211,4.5,-3.2105263157894743
54,45,2.5,-4.2631578947368425,2.5,-13.736842105263158
54,91,2.5,-4.2631578947368425,4.5,-7.421052631578949
55,27,2.5,-3.2105263157894743,1.5,-11.631578947368421
60,5,3.5,-19.0,0.5,-13.736842105263158
60,20,3.5,-19.0,1.5,-19.0
60,23,3.5,-19.0,1.5,-15.842105263157894
60,62,3.5,-19.0,3.5,-16.894736842105264
60,72,3.5,-19.0,3.5,-6.368421052631579
60,78,3.5,-19.0,3.5,-0.05263157894736992
60,84,3.5,-19.0,4.5,-14.789473684210527
60,92,3.5,-19.0,4.5,-6.368421052631579
61,2,3.5,-17.94736842105263,0.5,-16.894736842105264
61,4,3.5,-17.94736842105263,0.5,-14.789473684210527
61,8,3.5,-17.94736842105263,0.5,-10.578947368421053
61,21,3.5,-17.94736842105263,1.5,-17.94736842105263
61,28,3.5,-17.94736842105263,1.5,-10.578947368421053
61,38,3.5,-17.94736842105263,1.5,-0.05263157894736992
61,42,3.5,-17.94736842105263,2.5,-16.894736842105264
61,43,3.5,-17.94736842105263,2.5,-15.842105263157894
61,54,3.5,-17.94736842105263,2.5,-4.2631578947368425
61,58,3.5,-17.94736842105263,2.5,-0.05263157894736992
61,60,3.5,-17.94736842105263,3.5,-19.0
61,72,3.5,-17.94736842105263,3.5,-6.368421052631579
61,87,3.5,-17.94736842105263,4.5,-11.631578947368421
61,97,3.5,-17.94736842105263,4.5,-1.1052631578947363
61,98,3.5,-17.94736842105263,4.5,-0.05263157894736992
62,6,3.5,-16.894736842105264,0.5,-12.68421052631579
62,7,3.5,-16.894736842105264,0.5,-11.631578947368421
62,8,3.5,-16.894736842105264,0.5,-10.578947368421053
62,11,3.5,-16.894736842105264,0.5,-7.421052631578949
62,26,3.5,-16.894736842105264,1.5,-12.68421052631579
62,39,3.5,-16.894736842105264,1.5,1.0
62,43,3.5,-16.894736842105264,2.5,-15.842105263157894
62,48,3.5,-16.894736842105264,2.5,-10.578947368421053
62,49,3.5,-16.894736842105264,2.5,-9.526315789473685
62,58,3.5,-16.894736842105264,2.5,-0.05263157894736992
62,69,3.5,-16.894736842105264,3.5,-9.526315789473685
62,77,3.5,-16.894736842105264,3.5,-1.1052631578947363
62,81,3.5,-16.894736842105264,4.5,-17.94736842105263
62,85,3.5,-16.894736842105264,4.5,-13.736842105263158
62,86,3.5,-16.894736842105264,4.5,-12.68421052631579
62,89,3.5,-16.894736842105264,4.5,-9.526315789473685
63,4,3.5,-15.842105263157894,0.5,-14.789473684210527
63,11,3.5,-15.842105263157894,0.5,-7.421052631578949
63,25,3.5,-15.842105263157894,1.5,-13.736842105263158
63,26,3.5,-15.842105263157894,1.5,-12.68421052631579
63,27,3.5,-15.842105263157894,1.5,-11.631578947368421
63,28,3.5,-15.842105263157894,1.5,-10.578947368421053
63,39,3.5,-15.842105263157894,1.5,1.0
63,40,3.5,-15.842105263157894,2.5,-19.0
63,43,3.5,-15.842105263157894,2.5,-15.842105263157894
63,48,3.5,-15.842105263157894,2.5,-10.578947368421053
63,61,3.5,-15.842105263157894,3.5,-17.94736842105263
63,67,3.5,-15.842105263157894,3.5,-11.631578947368421
63,68,3.5,-15.842105263157894,3.5,-10.578947368421053
63,98,3.5,-15.842105263157894,4.5,-0.05263157894736992
64,3,3.5,-14.789473684210527,0.5,-15.842105263157894
64,4,3.5,-14.789473684210527,0.5,-14.789473684210527
64,7,3.5,-14.789473684210527,0.5,-11.631578947368421
64,23,3.5,-14.789473684210527,1.5,-15.842105263157894
64,24,3.5,-14.789473684210527,1.5,-14.789473684210527
64,33,3.5,-14.789473684210527,1.5,-5.315789473684211
64,52,3.5,-14.789473684210527,2.5,-6.368421052631579
65,1,3.5,-13.736842105263158,0.5,-17.94736842105263
65,3,3.5,-13.736842105263158,0.5,-15.842105263157894
65,26,3.5,-13.736842105263158,1.5,-12.68421052631579
65,38,3.5,-13.736842105263158,1.5,-0.05263157894736992
65,60,3.5,-13.736842105263158,3.5,-19.0
65,72,3.5,-13.736842105263158,3.5,-6.368421052631579
65,92,3.5,-13.736842105263158,4.5,-6.368421052631579
66,0,3.5,-12.68421052631579,0.5,-19.0
66,3,3.5,-12.68421052631579,0.5,-15.842105263157894
66,5,3.5,-12.68421052631579,0.5,-13.736842105263158
66,12,3.5,-12.68421052631579,0.5,-6.368421052631579
66,34,3.5,-12.68421052631579,1.5,-4.2631578947368425
66,42,3.5,-12.68421052631579,2.5,-16.894736842105264
66,45,3.5,-12.68421052631579,2.5,-13.736842105263158
66,46,3.5,-12.68421052631579,2.5,-12.68421052631579
66,48,3.5,-12.68421052631579,2.5,-10.578947368421053
66,57,3.5,-12.68421052631579,2.5,-1.1052631578947363
66,67,3.5,-12.68421052631579,3.5,-11.631578947368421
66,69,3.5,-12.68421052631579,3.5,-9.526315789473685
66,95,3.5,-12.68421052631579,4.5,-3.2105263157894743
67,15,3.5,-11.631578947368421,0.5,-3.2105263157894743
67,30,3.5,-11.631578947368421,1.5,-8.473684210526317
67,34,3.5,-11.631578947368421,1.5,-4.2631578947368425
67,35,3.5,-11.631578947368421,1.5,-3.2105263157894743
67,40,3.5,-11.631578947368421,2.5,-19.0
67,50,3.5,-11.631578947368421,2.5,-8.473684210526317
67,55,3.5,-11.631578947368421,2.5,-3.2105263157894743
67,71,3.5,-11.631578947368421,3.5,-7.421052631578949
67,73,3.5,-11.631578947368421,3.5,-5.315789473684211
68,10,3.5,-10.578947368421053,0.5,-8.473684210526317
68,16,3.5,-10.578947368421053,0.5,-2.157894736842106
68,22,3.5,-10.578947368421053,1.5,-16.894736842105264
68,27,3.5,-10.578947368421053,1.5,-11.631578947368421
68,32,3.5,-10.578947368421053,1.5,-6.368421052631579
68,47,3.5,-10.578947368421053,2.5,-11.631578947368421
68,48,3.5,-10.578947368421053,2.5,-10.578947368421053
68,69,3.5,-10.578947368421053,3.5,-9.526315789473685
68,70,3.5,-10.578947368421053,3.5,-8.473684210526317
69,30,3.5,-9.526315789473685,1.5,-8.473684210526317
69,38,3.5,-9.526315789473685,1.5,-0.05263157894736992
69,43,3.5,-9.526315789473685,2.5,-15.842105263157894
69,46,3.5,-9.526315789473685,2.5,-12.68421052631579
69,47,3.5,-9.526315789473685,2.5,-11.631578947368421
70,6,3.5,-8.473684210526317,0.5,-12.68421052631579
70,8,3.5,-8.473684210526317,0.5,-10.578947368421053
70,34,3.5,-8.473684210526317,1.5,-4.2631578947368425
70,50,3.5,-8.473684210526317,2.5,-8.473684210526317
70,54,3.5,-8.473684210526317,2.5,-4.2631578947368425
70,69,3.5,-8.473684210526317,3.5,-9.526315789473685
70,71,3.5,-8.473684210526317,3.5,-7.421052631578949
71,6,3.5,-7.421052631578949,0.5,-12.68421052631579
71,13,3.5,-7.421052631578949,0.5,-5.315789473684211
71,24,3.5,-7.421052631578949,1.5,-14.789473684210527
71,26,3.5,-7.421052631578949,1.5,-12.68421052631579
71,36,3.5,-7.421052631578949,1.5,-2.157894736842106
71,39,3.5,-7.421052631578949,1.5,1.0
71,40,3.5,-7.421052631578949,2.5,-19.0
71,47,3.5,-7.421052631578949,2.5,-11.631578947368421
71,55,3.5,-7.421052631578949,2.5,-3.2105263157894743
71,56,3.5,-7.421052631578949,2.5,-2.157894736842106
71,68,3.5,-7.421052631578949,3.5,-10.578947368421053
71,70,3.5,-7.421052631578949,3.5,-8.473684210526317
71,93,3.5,-7.421052631578949,4.5,-5.315789473684211
72,8,3.5,-6.368421052631579,0.5,-10.578947368421053
72,13,3.5,-6.368421052631579,0.5,-5.315789473684211
72,27,3.5,-6.368421052631579,1.5,-11.631578947368421
72,29,3.5,-6.368421052631579,1.5,-9.526315789473685
72,48,3.5,-6.368421052631579,2.5,-10.578947368421053
72,51,3.5,-6.368421052631579,2.5,-7.421052631578949
72,67,3.5,-6.368421052631579,3.5,-11.631578947368421
72,70,3.5,-6.368421052631579,3.5,-8.473684210526317
73,12,3.5,-5.315789473684211,0.5,-6.368421052631579
73,23,3.5,-5.315789473684211,1.5,-15.842105263157894
73,27,3.5,-5.315789473684211,1.5,-11.631578947368421
73,28,3.5,-5.315789473684211,1.5,-10.578947368421053
73,44,3.5,-5.315789473684211,2.5,-14.789473684210527
73,51,3.5,-5.315789473684211,2.5,-7.421052631578949
73,70,3.5,-5.315789473684211,3.5,-8.473684210526317
74,26,3.5,-4.2631578947368425,1.5,-12.68421052631579
74,27,3.5,-4.2631578947368425,1.5,-11.631578947368421
74,30,3.5,-4.2631578947368425,1.5,-8.473684210526317
74,32,3.5,-4.2631578947368425,1.5,-6.368421052631579
74,47,3.5,-4.2631578947368425,2.5,-11.631578947368421
75,29,3.5,-3.2105263157894743,1.5,-9.526315789473685
75,50,3.5,-3.2105263157894743,2.5,-8.473684210526317
80,1,4.5,-19.0,0.5,-17.94736842105263
80,4,4.5,-19.0,0.5,-14.789473684210527
80,6,4.5,-19.0,0.5,-12.68421052631579
80,39,4.5,-19.0,1.5,1.0
80,40,4.5,-19.0,2.5,-19.0
80,41,4.5,-19.0,2.5,-17.94736842105263
80,42,4.5,-19.0,2.5,-16.894736842105264
80,45,4.5,-19.0,2.5,-13.736842105263158
80,49,4.5,-19.0,2.5,-9.526315789473685
80,68,4.5,-19.0,3.5,-10.578947368421053
80,79,4.5,-19.0,3.5,1.0
81,0,4.5,-17.94736842105263,0.5,-19.0
81,1,4.5,-17.94736842105263,0.5,-17.94736842105263
81,6,4.5,-17.94736842105263,0.5,-12.68421052631579
81,12,4.5,-17.94736842105263,0.5,-6.368421052631579
81,14,4.5,-17.94736842105263,0.5,-4.2631578947368425
81,16,4.5,-17.94736842105263,0.5,-2.157894736842106
81,32,4.5,-17.94736842105263,1.5,-6.368421052631579
81,33,4.5,-17.94736842105263,1.5,-5.315789473684211
81,36,4.5,-17.94736842105263,1.5,-2.157894736842106
81,38,4.5,-17.94736842105263,1.5,-0.05263157894736992
81,48,4.5,-17.94736842105263,2.5,-10.578947368421053
81,50,4.5,-17.94736842105263,2.5,-8.473684210526317
81,57,4.5,-17.94736842105263,2.5,-1.1052631578947363
81,63,4.5,-17.94736842105263,3.5,-15.842105263157894
81,67,4.5,-17.94736842105263,3.5,-11.631578947368421
81,68,4.5,-17.94736842105263,3.5,-10.578947368421053
81,72,4.5,-17.94736842105263,3.5,-6.368421052631579
81,73,4.5,-17.94736842105263,3.5,-5.315789473684211
81,75,4.5,-17.94736842105263,3.5,-3.2105263157894743
82,0,4.5,-16.894736842105264,0.5,-19.0
82,1,4.5,-16.894736842105264,0.5,-17.94736842105263
82,9,4.5,-16.894736842105264,0.5,-9.526315789473685
82,19,4.5,-16.894736842105264,0.5,1.0
82,21,4.5,-16.894736842105264,1.5,-17.94736842105263
82,34,4.5,-16.894736842105264,1.5,-4.2631578947368425
82,38,4.5,-16.894736842105264,1.5,-0.05263157894736992
82,39,4.5,-16.894736842105264,1.5,1.0
82,54,4.5,-16.894736842105264,2.5,-4.2631578947368425
82,55,4.5,-16.894736842105264,2.5,-3.2105263157894743
82,56,4.5,-16.894736842105264,2.5,-2.157894736842106
82,61,4.5,-16.894736842105264,3.5,-17.94736842105263
82,63,4.5,-16.894736842105264,3.5,-15.842105263157894
82,68,4.5,-16.894736842105264,3.5,-10.578947368421053
82,99,4.5,-16.894736842105264,4.5,1.0
83,4,4.5,-15.842105263157894,0.5,-14.789473684210527
83,9,4.5,-15.842105263157894,0.5,-9.526315789473685
83,19,4.5,-15.842105263157894,0.5,1.0
83,41,4.5,-15.842105263157894,2.5,-17.94736842105263
83,45,4.5,-15.842105263157894,2.5,-13.736842105263158
83,49,4.5,-15.842105263157894,2.5,-9.526315789473685
83,50,4.5,-15.842105263157894,2.5,-8.473684210526317
83,66,4.5,-15.842105263157894,3.5,-12.68421052631579
84,10,4.5,-14.789473684210527,0.5,-8.473684210526317
84,21,4.5,-14.789473684210527,1.5,-17.94736842105263
84,35,4.5,-14.789473684210527,1.5,-3.2105263157894743
84,38,4.5,-14.789473684210527,1.5,-0.05263157894736992
84,41,4.5,-14.789473684210527,2.5,-17.94736842105263
84,44,4.5,-14.789473684210527,2.5,-14.789473684210527
84,45,4.5,-14.789473684210527,2.5,-13.736842105263158
84,46,4.5,-14.789473684210527,2.5,-12.68421052631579
84,48,4.5,-14.789473684210527,2.5,-10.578947368421053
84,57,4.5,-14.789473684210527,2.5,-1.1052631578947363
84,61,4.5,-14.789473684210527,3.5,-17.94736842105263
84,65,4.5,-14.789473684210527,3.5,-13.736842105263158
84,69,4.5,-14.789473684210527,3.5,-9.526315789473685
85,0,4.5,-13.736842105263158,0.5,-19.0
85,4,4.5,-13.736842105263158,0.5,-14.789473684210527
85,5,4.5,-13.736842105263158,0.5,-13.736842105263158
85,7,4.5,-13.736842105263158,0.5,-11.631578947368421
85,23,4.5,-13.736842105263158,1.5,-15.842105263157894
85,24,4.5,-13.736842105263158,1.5,-14.789473684210527
85,30,4.5,-13.736842105263158,1.5,-8.473684210526317
85,31,4.5,-13.736842105263158,1.5,-7.421052631578949
85,32,4.5,-13.736842105263158,1.5,-6.368421052631579
85,35,4.5,-13.736842105263158,1.5,-3.2105263157894743
85,39,4.5,-13.736842105263158,1.5,1.0
85,41,4.5,-13.736842105263158,2.5,-17.94736842105263
85,42,4.5,-13.736842105263158,2.5,-16.894736842105264
85,43,4.5,-13.736842105263158,2.5,-15.842105263157894
85,44,4.5,-13.736842105263158,2.5,-14.789473684210527
85,47,4.5,-13.736842105263158,2.5,-11.631578947368421
85,48,4.5,-13.736842105263158,2.5,-10.578947368421053
85,69,4.5,-13.736842105263158,3.5,-9.526315789473685
85,70,4.5,-13.736842105263158,3.5,-8.473684210526317
85,73,4.5,-13.736842105263158,3.5,-5.315789473684211
85,78,4.5,-13.736842105263158,3.5,-0.05263157894736992
86,8,4.5,-12.68421052631579,0.5,-10.578947368421053
86,41,4.5,-12.68421052631579,2.5,-17.94736842105263
86,47,4.5,-12.68421052631579,2.5,-11.631578947368421
86,50,4.5,-12.68421052631579,2.5,-8.473684210526317
86,52,4.5,-12.68421052631579,2.5,-6.368421052631579
86,58,4.5,-12.68421052631579,2.5,-0.05263157894736992
86,69,4.5,-12.68421052631579,3.5,-9.526315789473685
86,72,4.5,-12.68421052631579,3.5,-6.368421052631579
87,11,4.5,-11.631578947368421,0.5,-7.421052631578949
87,14,4.5,-11.631578947368421,0.5,-4.2631578947368425
87,37,4.5,-11.631578947368421,1.5,-1.1052631578947363
87,45,4.5,-11.631578947368421,2.5,-13.736842105263158
87,48,4.5,-11.631578947368421,2.5,-10.578947368421053
87,60,4.5,-11.631578947368421,3.5,-19.0
87,62,4.5,-11.631578947368421,3.5,-16.894736842105264
87,64,4.5,-11.631578947368421,3.5,-14.789473684210527
87,65,4.5,-11.631578947368421,3.5,-13.736842105263158
87,70,4.5,-11.631578947368421,3.5,-8.473684210526317
87,71,4.5,-11.631578947368421,3.5,-7.421052631578949
88,0,4.5,-10.578947368421053,0.5,-19.0
88,5,4.5,-10.578947368421053,0.5,-13.736842105263158
88,6,4.5,-10.578947368421053,0.5,-12.68421052631579
88,7,4.5,-10.578947368421053,0.5,-11.631578947368421
88,22,4.5,-10.578947368421053,1.5,-16.894736842105264
88,32,4.5,-10.578947368421053,1.5,-6.368421052631579
88,45,4.5,-10.578947368421053,2.5,-13.736842105263158
88,51,4.5,-10.578947368421053,2.5,-7.421052631578949
88,63,4.5,-10.578947368421053,3.5,-15.842105263157894
88,64,4.5,-10.578947368421053,3.5,-14.789473684210527
88,66,4.5,-10.578947368421053,3.5,-12.68421052631579
88,69,4.5,-10.578947368421053,3.5,-9.526315789473685
89,0,4.5,-9.526315789473685,0.5,-19.0
89,12,4.5,-9.526315789473685,0.5,-6.368421052631579
89,20,4.5,-9.526315789473685,1.5,-19.0
89,21,4.5,-9.526315789473685,1.5,-17.94736842105263
89,25,4.5,-9.526315789473685,1.5,-13.736842105263158
89,45,4.5,-9.526315789473685,2.5,-13.736842105263158
89,47,4.5,-9.526315789473685,2.5,-11.631578947368421
89,49,4.5,-9.526315789473685,2.5,-9.526315789473685
89,56,4.5,-9.526315789473685,2.5,-2.157894736842106
89,62,4.5,-9.526315789473685,3.5,-16.894736842105264
90,1,4.5,-8.473684210526317,0.5,-17.94736842105263
90,12,4.5,-8.473684210526317,0.5,-6.368421052631579
90,31,4.5,-8.473684210526317,1.5,-7.421052631578949
90,46,4.5,-8.473684210526317,2.5,-12.68421052631579
90,50,4.5,-8.473684210526317,2.5,-8.473684210526317
91,7,4.5,-7.421052631578949,0.5,-11.631578947368421
91,20,4.5,-7.421052631578949,1.5,-19.0
91,21,4.5,-7.421052631578949,1.5,-17.94736842105263
91,22,4.5,-7.421052631578949,1.5,-16.894736842105264
91,24,4.5,-7.421052631578949,1.5,-14.789473684210527
91,40,4.5,-7.421052631578949,2.5,-19.0
91,47,4.5,-7.421052631578949,2.5,-11.631578947368421
92,2,4.5,-6.368421052631579,0.5,-16.894736842105264
92,21,4.5,-6.368421052631579,1.5,-17.94736842105263
92,29,4.5,-6.368421052631579,1.5,-9.526315789473685
92,43,4.5,-6.368421052631579,2.5,-15.842105263157894
92,47,4.5,-6.368421052631579,2.5,-11.631578947368421
93,7,4.5,-5.315789473684211,0.5,-11.631578947368421
93,22,4.5,-5.315789473684211,1.5,-16.894736842105264
93,27,4.5,-5.315789473684211,1.5,-11.631578947368421
94,0,4.5,-4.2631578947368425,0.5,-19.0
94,1,4.5,-4.2631578947368425,0.5,-17.94736842105263
94,2,4.5,-4.2631578947368425,0.5,-16.894736842105264
94,6,4.5,-4.2631578947368425,0.5,-12.68421052631579
94,7,4.5,-4.2631578947368425,0.5,-11.631578947368421
94,24,4.5,-4.2631578947368425,1.5,-14.789473684210527
94,26,4.5,-4.2631578947368425,1.5,-12.68421052631579
94,27,4.5,-4.2631578947368425,1.5,-11.631578947368421
94,28,4.5,-4.2631578947368425,1.5,-10.578947368421053
94,48,4.5,-4.2631578947368425,2.5,-10.578947368421053
94,49,4.5,-4.2631578947368425,2.5,-9.526315789473685
94,50,4.5,-4.2631578947368425,2.5,-8.473684210526317
95,20,4.5,-3.2105263157894743,1.5,-19.0
